dt,pfr,"Лом_HMS 1/2 80:20, FOB EC Роттердам, $/т","Лом_3А, РФ CPT ж/д Южный ФО, руб./т, без НДС","Лом_3А, РФ CPT ж/д Сибирский ФО, руб./т, без НДС","Лом_3А, РФ CPT ж/д Центральный ФО, руб./т, без НДС","ЖРС_Китай Iron ore fines Fe 62%, CFR","Концентрат коксующегося угля_Россия марка КО FCA руб./т, без НДС","ЖРС_Российские окатыши Fe 62-65,5%, SiO2 5,8-8,65, DAP Забайкальск-Манжули, $/т","Лом_HMS 1/2 80:20, FOB США Восток, $/т","Лом_3А, FOB РФ Черное море, $/т","Чугун_FOB Бразилия Север, $/т","Лом_HMS 1/2 80:20, CFR ЮВА, $/т","Лом_3А, РФ FCA ж/д респ. Татарстан, руб./т, без НДС","ЖРС_Российский концентрат Fe 62,5-67,5%, SiO2 0,78-8,51, сухой вес, DAP Забайкальск-Манжули, $/т","Кокс_Россия Урал Сибирь +25, FCA руб./т., без НДС","Лом_3А, РФ FCA ж/д Московский регион, руб./т, без НДС","Чугун_FOB Россия Черное море, $/т","ЖРС_Россия аглоруда Fe 52-60%, FCA руб./т, без НДС","ЖРС_Россия концентрат Fe 64-68%, FCA руб./т, без НДС","Чугун_Россия, FCA руб./т, без НДС","ЖРС_Россия окатыши Fe 62-65,5% FCA руб./т, без НДС","Лом_3А, РФ CPT ж/д Уральский ФО, руб./т, без НДС","Лом_HMS 1/2 80:20, CFR Турция, $/т"
2015-02-09 00:00:00,30300,228,12344,10009,12728,62,3700.0,70.0,221,221,338,248,11573,51.0,6900,11870,297,1325.0,2275.0,21250,3450.0,11598,246
2015-02-16 00:00:00,30100,206,12271,10432,12852,63,3700.0,70.0,221,213,308,248,11746,51.0,6900,12088,278,1325.0,2275.0,21250,3450.0,11794,243
2015-02-23 00:00:00,29400,207,12645,11981,13034,64,3700.0,72.0,215,208,295,248,11930,53.0,6900,12503,265,1325.0,2275.0,21250,3450.0,12047,241
2015-03-02 00:00:00,29200,214,12696,11912,12910,63,3700.0,72.0,224,215,295,248,12100,53.0,6900,12439,265,1325.0,2275.0,21250,3450.0,12253,249
2015-03-09 00:00:00,29000,232,12916,12061,12964,61,4050.0,70.0,229,221,275,248,11774,51.0,8750,12020,265,1345.0,2425.0,15250,3500.0,12183,257
2015-03-16 00:00:00,28700,229,12883,11893,12812,58,4050.0,67.0,231,223,265,248,11733,48.0,8750,12093,263,1345.0,2425.0,15250,3500.0,12140,256
2015-03-23 00:00:00,27800,230,12753,11945,12694,56,4050.0,65.0,230,220,263,253,11540,46.0,8750,11763,263,1345.0,2425.0,15250,3500.0,12139,254
2015-03-30 00:00:00,27200,231,12521,11853,12569,55,4050.0,63.5,233,221,269,254,11579,44.5,8750,11719,261,1345.0,2425.0,15250,3500.0,12113,256
2015-04-06 00:00:00,26600,235,12395,11785,12421,50,4050.0,58.0,236,229,265,258,11378,39.0,8750,11250,264,1250.0,2175.0,13250,3200.0,12369,262
2015-04-13 00:00:00,25700,238,12220,11327,12146,48,5200.0,57.5,236,229,265,258,11056,38.5,10350,11327,260,1250.0,2175.0,13250,3200.0,12324,263
2015-04-20 00:00:00,24800,245,11830,11050,11716,50,5200.0,58.5,241,238,265,258,10613,39.5,10350,10555,260,1250.0,2175.0,13250,3200.0,12109,267
2015-04-27 00:00:00,24700,250,11083,11091,11035,54,5200.0,61.0,248,243,270,258,10456,42.0,10350,10066,264,1250.0,2175.0,13250,3200.0,11705,274
2015-05-04 00:00:00,24300,251,10714,11167,10865,58,5200.0,62.5,249,244,265,258,9996,43.5,10350,9758,263,1250.0,2175.0,13250,3200.0,10970,276
2015-05-11 00:00:00,23900,259,10558,11270,10463,60,5200.0,64.0,257,252,263,260,9371,45.0,9900,9432,270,1250.0,1750.0,12750,2600.0,10589,285
2015-05-18 00:00:00,24000,265,10269,10723,10454,62,5200.0,65.0,264,255,263,265,9234,46.0,9900,9386,270,1250.0,1750.0,12750,2600.0,10539,288
2015-05-25 00:00:00,23700,263,10042,9744,10315,59,5200.0,64.0,262,250,265,265,8990,45.0,9900,9290,272,1250.0,1750.0,12750,2600.0,10383,283
2015-06-01 00:00:00,23500,262,10075,9586,10333,62,5200.0,65.5,258,245,265,265,8704,46.5,9900,9299,270,1250.0,1750.0,12750,2600.0,10210,280
2015-06-08 00:00:00,23800,261,10485,9540,10268,64,5000.0,66.5,258,239,265,265,8833,47.5,9400,9318,272,1250.0,1950.0,13000,2760.0,10158,279
2015-06-15 00:00:00,24400,261,10468,8646,10225,65,5000.0,69.0,258,242,265,270,8812,50.0,9400,9319,271,1250.0,1950.0,13000,2760.0,10156,279
2015-06-22 00:00:00,25000,257,10488,8816,10232,62,5000.0,66.0,255,239,265,270,8867,47.0,9400,9334,268,1250.0,1950.0,13000,2760.0,10122,273
2015-06-29 00:00:00,25300,237,10482,8801,10245,61,5000.0,64.5,236,229,265,270,8818,45.5,9400,9432,266,1250.0,1950.0,13000,2760.0,10099,266
2015-07-06 00:00:00,25500,224,10605,8805,10417,58,4000.0,63.5,225,223,265,248,8877,44.5,9050,9599,259,1180.0,2125.0,13000,3025.0,10115,252
2015-07-13 00:00:00,25500,219,10791,8907,10682,49,4000.0,57.5,213,212,265,248,8963,38.5,9050,9943,255,1180.0,2125.0,13000,3025.0,10072,240
2015-07-20 00:00:00,25400,201,10867,8745,10880,50,4000.0,58.0,201,194,265,231,8993,39.0,9050,10141,245,1180.0,2125.0,13000,3025.0,10014,225
2015-07-27 00:00:00,25200,201,10996,8646,10883,52,4000.0,59.0,201,203,265,225,8939,40.0,9050,10141,245,1180.0,2125.0,13000,3025.0,10013,227
2015-08-03 00:00:00,25000,208,11068,8896,10838,54,4000.0,61.5,205,208,265,218,8830,42.5,9050,10143,240,1180.0,1900.0,13000,2750.0,9974,233
2015-08-10 00:00:00,24700,215,11059,8990,10840,56,4000.0,63.5,211,208,255,218,8770,43.5,8800,10087,245,1155.0,1900.0,13000,2750.0,9934,240
2015-08-17 00:00:00,24400,211,11078,9007,10823,56,4000.0,63.5,215,212,255,220,8755,43.5,8800,10106,245,1155.0,1900.0,13000,2750.0,9960,243
2015-08-24 00:00:00,24100,204,11010,8863,10853,56,4000.0,63.5,210,212,250,220,8795,43.5,8800,10137,240,1155.0,1900.0,13000,2750.0,9953,236
2015-08-31 00:00:00,24100,211,11044,9086,10841,54,4000.0,62.5,215,207,248,220,8862,42.0,8800,10178,235,1155.0,1900.0,13000,2750.0,10004,231
2015-09-07 00:00:00,23900,201,11159,9299,10961,56,4000.0,63.5,200,202,236,210,8939,43.0,8800,10233,230,1155.0,2000.0,14000,2900.0,10232,220
2015-09-14 00:00:00,24200,184,11210,9282,10946,58,4000.0,64.5,189,183,236,205,8923,44.0,8800,10212,210,1155.0,2000.0,14000,2900.0,10374,206
2015-09-21 00:00:00,24200,180,11237,9206,10949,57,4000.0,64.0,188,181,236,205,8887,43.0,8800,10201,210,1155.0,2000.0,14000,2900.0,10411,202
2015-09-28 00:00:00,24000,170,11367,9585,10718,57,4000.0,64.0,178,172,231,198,8969,43.0,8800,10024,205,1155.0,2000.0,14000,2900.0,10458,194
2015-10-05 00:00:00,24000,165,11357,9553,10670,55,4000.0,62.0,175,165,216,188,9209,41.0,8800,10043,195,1155.0,2150.0,14000,3225.0,10474,187
2015-10-12 00:00:00,23800,154,11310,9574,10531,55,4200.0,62.0,167,163,216,183,9382,41.0,9100,9928,190,1155.0,2150.0,14000,3225.0,10552,178
2015-10-19 00:00:00,23800,153,11182,9554,10400,55,4200.0,62.0,159,154,205,183,9316,41.0,9100,9746,175,1155.0,2150.0,14000,3225.0,10620,170
2015-10-26 00:00:00,24200,154,11052,9582,10384,52,4200.0,59.0,158,151,189,173,9354,38.5,9100,9679,180,1155.0,2150.0,14000,3225.0,10652,173
2015-11-02 00:00:00,24500,167,10624,9485,10008,50,4200.0,58.0,164,158,189,173,9444,37.5,9100,9242,185,1155.0,2150.0,14000,3225.0,10625,186
2015-11-09 00:00:00,24500,174,10529,9195,9850,48,4200.0,59.5,178,166,181,173,9236,42.5,9000,8991,185,1155.0,2150.0,11000,3225.0,10437,195
2015-11-16 00:00:00,23950,182,10142,8938,9541,48,4200.0,57.5,180,175,181,173,9053,40.5,9000,8618,190,1155.0,2150.0,11000,3225.0,10356,200
2015-11-23 00:00:00,23750,181,9428,8844,9154,46,4200.0,54.5,179,173,181,173,8416,37.5,9000,8259,190,1155.0,2150.0,11000,3225.0,9808,196
2015-11-30 00:00:00,23100,180,9133,8878,9052,44,4200.0,51.5,179,168,183,173,8036,34.5,9000,8160,185,1155.0,2150.0,11000,3225.0,9381,191
2015-12-07 00:00:00,22800,176,9103,8660,9138,41,4200.0,52.5,178,163,183,173,8002,37.5,9000,8112,180,1155.0,1925.0,11000,2825.0,9350,190
2015-12-14 00:00:00,22000,176,9143,8330,9142,39,4200.0,50.5,178,161,183,173,8067,35.5,9000,8115,180,1155.0,1925.0,11000,2825.0,9326,187
2015-12-21 00:00:00,21700,174,9268,8016,9135,39,4200.0,51.5,175,160,183,173,7813,36.5,9000,8050,180,1155.0,1925.0,11000,2825.0,8888,187
2015-12-28 00:00:00,21300,172,9337,8134,9116,40,4200.0,52.5,168,158,183,173,7638,37.5,9000,8064,180,1155.0,1925.0,11000,2825.0,8934,186
2016-01-04 00:00:00,21300,172,9332,8077,9095,42,4200.0,54.5,168,160,183,173,7554,39.5,9000,8067,180,1155.0,1925.0,11000,2825.0,8973,189
2016-01-11 00:00:00,21300,173,9428,8058,9221,42,4200.0,54.5,174,160,183,173,7439,39.5,9000,7826,185,1155.0,1650.0,11000,2525.0,8963,188
2016-01-18 00:00:00,21200,173,9240,8387,9089,40,4200.0,53.5,175,159,183,173,7538,38.5,9000,8090,190,1130.0,1650.0,11000,2525.0,8981,186
2016-01-25 00:00:00,21000,172,9272,8361,9126,42,4200.0,54.0,174,156,183,174,7649,39.0,9000,8176,190,1130.0,1650.0,11000,2525.0,9023,181
2016-02-01 00:00:00,21000,165,9339,8860,9231,42,4200.0,54.0,168,153,183,177,7650,39.0,9000,8247,190,1130.0,1650.0,11000,2525.0,9067,177
2016-02-08 00:00:00,21000,165,9249,9094,9428,44,4200.0,48.5,167,150,181,177,7916,35.5,8650,8366,185,1130.0,1725.0,11700,2525.0,9011,176
2016-02-15 00:00:00,21200,164,9442,9094,9540,44,4200.0,48.5,168,148,185,176,8037,35.5,8650,8502,185,1130.0,1725.0,11700,2525.0,9224,175
2016-02-22 00:00:00,21800,166,9335,9177,9664,47,4200.0,50.0,170,150,187,177,8163,38.0,8650,8603,187,1130.0,1725.0,11700,2525.0,9232,175
2016-02-29 00:00:00,22450,177,9408,8899,9745,50,4200.0,53.0,182,160,188,177,8007,40.0,8650,8729,189,1130.0,1725.0,11700,2525.0,9276,188
2016-03-07 00:00:00,23300,189,9437,9266,9724,51,4200.0,57.5,190,169,192,182,7993,44.5,8650,8760,210,1130.0,1875.0,12300,2850.0,9373,195
2016-03-14 00:00:00,23800,203,9887,8946,9729,60,4200.0,61.0,206,186,193,200,8604,48.0,8650,9023,210,1130.0,1875.0,12300,2850.0,9501,208
2016-03-21 00:00:00,25500,214,9933,8800,10195,55,4200.0,60.0,215,191,190,210,8865,47.0,8650,9462,240,1130.0,1875.0,12300,2850.0,9711,220
2016-03-28 00:00:00,26700,217,9990,8900,10444,57,4200.0,61.0,217,200,214,228,8942,48.0,8650,9745,250,1130.0,1875.0,12300,2850.0,9836,227
2016-04-04 00:00:00,29900,225,9901,8700,10595,54,4200.0,63.0,229,208,236,238,9096,47.0,8650,9847,250,1130.0,1875.0,12300,2850.0,9847,232
2016-04-11 00:00:00,29950,240,10292,9006,10673,54,4400.0,63.0,244,223,241,243,9097,47.0,8850,9857,260,1250.0,2275.0,14200,3325.0,10284,258
2016-04-18 00:00:00,31500,257,10153,8701,10732,59,4400.0,66.5,261,242,244,248,9268,49.5,8850,9924,275,1250.0,2275.0,14200,3325.0,10461,268
2016-04-25 00:00:00,31900,274,10120,8760,11019,65,4400.0,69.5,277,255,251,268,9717,52.5,8850,10402,295,1250.0,2275.0,14200,3325.0,10579,293
2016-05-02 00:00:00,40300,289,10471,8734,11567,64,4400.0,69.0,289,271,288,275,10325,52.0,8850,10849,325,1250.0,2275.0,14200,3325.0,10763,309
2016-05-09 00:00:00,43500,309,11395,8788,11860,60,4400.0,67.5,315,288,295,305,10585,51.0,8850,11034,325,1250.0,2250.0,19500,3275.0,10978,327
2016-05-16 00:00:00,43350,299,12611,10887,12128,55,4400.0,65.0,306,271,295,285,10986,48.5,8850,11282,315,1250.0,2250.0,19500,3275.0,11980,299
2016-05-23 00:00:00,42950,289,12380,10862,12196,55,4400.0,65.0,302,254,295,270,11022,48.5,8850,11403,285,1250.0,2250.0,19500,3275.0,12248,296
2016-05-30 00:00:00,42000,274,12420,10793,12443,51,4400.0,60.0,288,199,292,250,11457,46.5,8850,11810,280,1250.0,2250.0,19500,3275.0,12613,275
2016-06-06 00:00:00,38300,251,12587,11245,12890,51,4400.0,60.0,254,195,290,230,11276,46.5,8875,11984,265,1250.0,2375.0,17750,3350.0,12801,255
2016-06-13 00:00:00,37500,216,12587,11222,12802,52,4400.0,68.5,217,198,286,225,11296,50.5,8875,11884,245,1250.0,2375.0,17750,3350.0,12570,232
2016-06-20 00:00:00,36800,211,12827,11117,12540,51,4400.0,68.0,215,193,288,233,11213,50.0,8875,11643,250,1250.0,2375.0,17750,3350.0,12311,228
2016-06-27 00:00:00,35400,211,12750,11051,12171,51,4400.0,68.0,222,194,288,233,11015,50.0,8875,11323,250,1250.0,2375.0,17750,3350.0,12160,221
2016-07-04 00:00:00,34400,203,12157,9292,12045,54,4400.0,69.0,207,193,253,233,10216,51.5,8875,10824,240,1250.0,2375.0,17750,3350.0,11178,217
2016-07-11 00:00:00,33400,202,11872,9427,11352,56,4400.0,62.5,203,185,245,226,9895,45.0,9025,10444,245,1250.0,2025.0,15900,3075.0,11159,212
2016-07-18 00:00:00,32500,202,11488,9273,11350,58,4400.0,63.5,204,187,250,226,9705,46.0,9025,10419,245,1250.0,2025.0,15900,3075.0,11023,218
2016-07-25 00:00:00,32000,210,11392,9242,11269,56,4400.0,62.5,208,200,250,226,9524,45.0,9025,10193,250,1250.0,2025.0,15900,3075.0,11030,225
2016-08-01 00:00:00,31000,213,11309,9162,11248,59,4400.0,63.5,217,201,248,226,9532,46.5,9025,10197,250,1250.0,2025.0,15900,3075.0,10479,229
2016-08-08 00:00:00,30200,212,11239,9446,11230,60,4400.0,69.0,217,201,250,228,9593,52.5,9225,10411,245,1235.0,2050.0,14750,3225.0,10607,229
2016-08-15 00:00:00,29200,213,11354,9424,11421,61,4400.0,69.5,217,197,245,228,9971,53.0,9225,10515,250,1235.0,2050.0,14750,3225.0,10802,228
2016-08-22 00:00:00,28850,208,11519,9446,11509,61,4400.0,69.5,217,200,245,225,10190,53.0,9225,10607,255,1235.0,2050.0,14750,3225.0,10858,224
2016-08-29 00:00:00,28700,216,11484,10509,11664,61,4400.0,69.5,217,195,250,225,10287,53.0,9225,10750,255,1235.0,2050.0,14750,3225.0,11265,225
2016-09-05 00:00:00,28500,210,11336,10694,11876,59,4400.0,70.0,217,196,250,226,10344,53.0,9525,11036,255,1235.0,2350.0,14750,3525.0,11689,225
2016-09-12 00:00:00,30000,209,11512,10918,12191,59,4400.0,70.0,217,191,250,225,10542,53.0,9525,11352,255,1235.0,2350.0,14750,3525.0,12011,223
2016-09-19 00:00:00,32000,208,11489,11193,12420,56,4400.0,68.0,212,188,248,236,10720,51.0,9525,11495,245,1235.0,2350.0,14750,3525.0,12257,218
2016-09-26 00:00:00,32500,204,11403,11153,12568,56,4400.0,68.0,209,188,248,230,10937,51.0,9525,11623,250,1235.0,2350.0,14750,3525.0,12321,210
2016-10-03 00:00:00,33300,196,11612,11111,12591,56,4400.0,69.0,196,181,248,223,11062,51.0,9525,11721,243,1235.0,2350.0,14750,3525.0,12279,210
2016-10-10 00:00:00,34300,201,12954,11304,13005,55,6450.0,70.0,203,186,243,223,11807,53.0,12900,12201,235,1135.0,2375.0,13400,3435.0,13247,215
2016-10-17 00:00:00,33700,206,12869,11273,13017,57,6450.0,71.5,208,194,243,223,11839,54.0,12900,12182,240,1135.0,2375.0,13400,3435.0,13132,220
2016-10-24 00:00:00,32200,213,12672,11552,12976,59,6450.0,73.5,217,208,235,228,11878,55.0,12900,12203,250,1135.0,2375.0,13400,3435.0,13125,228
2016-10-31 00:00:00,30400,221,12716,11786,12682,62,6450.0,74.5,221,206,235,228,11589,55.5,12900,11917,270,1135.0,2375.0,13400,3435.0,12621,235
2016-11-07 00:00:00,30200,237,12660,11792,12548,65,6450.0,76.5,240,213,249,233,11729,57.5,12900,11819,290,1135.0,2425.0,13900,3300.0,12713,253
2016-11-14 00:00:00,29800,252,12564,11584,12483,72,6450.0,77.5,255,236,249,260,11742,59.5,12900,11800,315,1135.0,2425.0,13900,3300.0,12866,269
2016-11-21 00:00:00,33500,255,12917,11719,12729,74,6450.0,78.5,262,240,278,273,11858,60.5,12900,12108,325,1135.0,2425.0,13900,3300.0,12932,272
2016-11-28 00:00:00,33500,250,13434,11561,13377,76,6450.0,79.5,261,236,278,273,12196,61.5,12900,12556,320,1135.0,2425.0,13900,3300.0,13254,270
2016-12-05 00:00:00,33500,248,13500,11894,13950,77,6450.0,83.0,259,233,275,271,12873,67.0,12900,13021,315,1135.0,3175.0,16800,4600.0,13702,268
2016-12-12 00:00:00,33500,245,14417,12144,14492,81,6450.0,87.0,259,230,275,270,13335,70.0,13100,13600,310,1135.0,3175.0,16800,4600.0,14300,267
2016-12-19 00:00:00,33000,251,15094,13327,15385,82,6450.0,88.0,270,255,300,285,14171,70.5,13100,14403,315,1135.0,3175.0,16800,4600.0,14942,279
2016-12-26 00:00:00,32500,259,15561,13377,15869,80,6450.0,86.0,283,263,300,285,14354,69.5,13100,14969,310,1135.0,3175.0,16800,4600.0,15269,292
2017-01-02 00:00:00,33750,259,16085,13393,15878,80,6450.0,86.0,283,263,300,285,14467,69.5,13100,15046,310,1135.0,3175.0,16800,4600.0,15323,292
2017-01-09 00:00:00,33750,259,15579,13553,15705,78,6450.0,104.0,283,263,300,285,14420,83.0,13725,15038,310,1360.0,3975.0,20850,5200.0,15322,292
2017-01-16 00:00:00,33750,256,16093,13449,15861,80,6450.0,104.0,280,260,300,281,14583,84.0,13725,15072,310,1360.0,3975.0,20850,5200.0,15312,288
2017-01-23 00:00:00,33750,249,15659,13468,15838,82,6450.0,104.5,275,253,300,277,14478,84.5,13725,14887,315,1360.0,3975.0,20850,5200.0,15315,280
2017-01-30 00:00:00,33000,219,15439,13396,15868,82,6450.0,104.5,246,223,280,265,14480,84.5,13725,14812,300,1360.0,3975.0,20850,5200.0,15328,250
2017-02-06 00:00:00,32600,206,15233,13426,15642,83,9250.0,104.5,235,209,280,265,14685,84.5,17500,14607,290,2150.0,3775.0,20850,5025.0,15303,235
2017-02-13 00:00:00,32000,222,14945,13381,15229,83,9250.0,104.5,246,222,313,265,14280,84.5,17500,14201,310,2150.0,3775.0,20850,5025.0,15412,251
2017-02-20 00:00:00,31300,246,14799,13348,14854,91,9250.0,111.5,270,245,313,280,14234,86.0,17500,13780,328,2150.0,3775.0,20850,5025.0,15315,275
2017-02-27 00:00:00,30300,254,14729,13155,14506,93,9250.0,114.0,277,252,320,280,13702,87.5,17500,13357,340,2150.0,3775.0,20850,5025.0,14552,282
2017-03-06 00:00:00,30500,259,14708,13098,14184,92,9150.0,117.5,280,255,335,285,12842,92.0,17500,13070,360,2375.0,3925.0,20850,5175.0,13624,285
2017-03-13 00:00:00,30700,269,14310,12284,13438,87,9150.0,115.5,287,271,355,290,12538,90.5,17500,12744,365,2375.0,3925.0,20850,5175.0,13321,299
2017-03-20 00:00:00,30600,268,14112,12269,13515,91,9150.0,117.5,285,270,390,287,12330,92.5,17500,12395,385,2375.0,3925.0,20850,5175.0,13198,298
2017-03-27 00:00:00,30400,250,13877,11824,13479,86,9150.0,115.5,265,257,390,280,12385,90.5,17500,12440,395,2375.0,3925.0,20850,5175.0,13263,276
2017-04-03 00:00:00,29800,241,13792,11814,13477,81,9150.0,112.5,255,249,380,280,12348,87.5,17500,12408,390,2375.0,3925.0,20850,5175.0,13316,267
2017-04-10 00:00:00,29500,247,13543,11738,13400,79,5650.0,111.5,260,255,370,280,12384,84.0,14775,12281,390,2375.0,4175.0,21250,5825.0,13269,275
2017-04-17 00:00:00,28200,246,13631,11707,13392,71,5650.0,104.5,258,254,370,275,12310,80.0,14775,12245,387,2375.0,4175.0,21250,5825.0,13199,274
2017-04-24 00:00:00,27500,238,13731,11652,13268,65,5650.0,102.5,249,243,365,275,12225,77.5,14775,12192,385,2375.0,4175.0,21250,5825.0,13215,265
2017-05-01 00:00:00,26500,238,13742,11580,13298,68,5650.0,103.5,246,239,365,270,12235,78.5,14775,12230,375,2375.0,4175.0,21250,5825.0,13174,263
2017-05-08 00:00:00,26300,252,13627,11576,13275,66,5650.0,87.5,257,250,365,275,12270,64.0,14775,12189,370,2400.0,3525.0,18500,4950.0,13211,274
2017-05-15 00:00:00,26300,251,13442,11599,13168,60,5650.0,82.0,255,249,365,275,12273,61.0,14775,12170,370,2400.0,3525.0,18500,4950.0,13209,273
2017-05-22 00:00:00,26200,250,13558,11566,13095,62,5650.0,83.0,255,248,365,275,12302,62.0,14775,12107,365,2400.0,3525.0,18500,4950.0,13157,273
2017-05-29 00:00:00,26150,246,13576,11547,13080,60,5650.0,82.0,253,247,365,270,12298,61.0,14775,12017,360,2400.0,3525.0,18500,4950.0,13136,271
2017-06-05 00:00:00,26150,246,13563,11542,12995,57,5650.0,76.5,253,247,365,265,12152,56.5,14550,11896,360,2400.0,2797.5,18250,4110.0,12885,271
2017-06-12 00:00:00,26150,247,13437,11564,12815,56,5650.0,75.5,253,248,350,265,12029,55.5,14550,11708,355,2400.0,2797.5,18250,4110.0,12828,272
2017-06-19 00:00:00,26350,249,13389,11545,12826,54,5650.0,75.5,254,250,350,265,11762,54.5,14550,11668,350,2400.0,2797.5,18250,4110.0,12575,274
2017-06-26 00:00:00,26550,253,12917,11552,12821,56,5650.0,77.0,256,254,345,265,11580,56.5,14550,11677,345,2400.0,2797.5,18250,4110.0,12376,280
2017-07-03 00:00:00,26650,262,12932,11545,12814,61,5650.0,85.0,267,263,340,275,11609,57.0,14550,11715,340,2400.0,2797.5,18250,4110.0,12369,288
2017-07-10 00:00:00,28000,270,12925,11119,12808,63,5600.0,89.5,271,270,345,280,11568,59.0,12250,11695,350,1900.0,2440.0,18250,3450.0,12478,295
2017-07-17 00:00:00,28800,271,13107,11124,12803,65,5600.0,91.5,273,273,345,290,11583,60.0,12250,11663,350,1900.0,2440.0,18250,3450.0,12606,297
2017-07-24 00:00:00,29400,273,13301,11608,12766,68,5600.0,92.5,275,278,350,290,11938,61.5,12800,11862,350,1900.0,2440.0,18250,3450.0,12999,302
2017-07-31 00:00:00,29400,292,13492,11696,13137,69,5600.0,92.5,295,290,355,303,12038,61.5,12800,12253,360,1900.0,2440.0,18250,3450.0,13145,320
2017-08-07 00:00:00,30900,305,13519,11891,13841,73,5600.0,95.0,310,303,355,308,12200,65.5,12800,12697,355,1850.0,2860.0,18850,3925.0,13401,328
2017-08-14 00:00:00,33900,325,13960,12226,14104,76,5600.0,96.0,327,320,355,330,12366,67.0,12650,13033,360,1850.0,2860.0,18850,3925.0,13482,345
2017-08-21 00:00:00,35900,330,15507,12256,14648,74,5600.0,95.0,336,329,360,340,13013,66.0,12650,13535,365,1850.0,2860.0,18850,3925.0,13638,355
2017-08-28 00:00:00,36800,333,16541,12924,15876,78,5600.0,97.0,339,332,363,340,14149,68.0,12650,14841,375,1850.0,2860.0,18850,3925.0,14904,358
2017-09-04 00:00:00,38600,330,16341,13529,16179,77,5600.0,96.5,336,330,375,353,14285,66.5,12650,15142,380,1850.0,2860.0,18850,3925.0,15177,356
2017-09-11 00:00:00,39600,331,16411,13732,16271,77,5600.0,94.0,339,327,375,352,14533,65.5,12650,15267,380,1850.0,3305.0,19350,4540.0,15466,356
2017-09-18 00:00:00,38800,326,17060,14888,16676,74,5600.0,92.5,336,315,375,352,15355,64.0,12650,15732,380,1850.0,3305.0,19350,4540.0,16078,352
2017-09-25 00:00:00,38800,305,17450,15634,17238,67,5600.0,90.5,321,305,370,352,15692,60.5,12650,16167,375,1850.0,3305.0,19350,4540.0,16597,330
2017-10-02 00:00:00,37500,280,17386,15517,17228,63,5600.0,89.0,290,265,333,345,15692,59.0,12650,16221,345,1850.0,3305.0,19350,4540.0,16696,305
2017-10-09 00:00:00,37000,275,17575,15386,17167,62,7600.0,102.5,285,260,333,325,15697,70.0,16300,16257,345,2150.0,3370.0,20650,4630.0,16546,300
2017-10-16 00:00:00,35800,280,17256,15201,16933,60,7600.0,97.5,290,265,327,325,16029,69.0,16300,16006,340,2150.0,3370.0,20650,4630.0,16804,307
2017-10-23 00:00:00,33800,285,17141,15301,16898,61,7600.0,100.0,286,261,327,323,15815,69.0,16300,15961,340,2150.0,3370.0,20650,4630.0,16719,303
2017-10-30 00:00:00,31500,273,16555,14522,16484,61,7600.0,100.0,286,261,336,323,15028,69.0,16300,15416,340,2150.0,3370.0,20650,4630.0,16126,302
2017-11-06 00:00:00,30000,279,16255,14274,16141,60,7600.0,105.0,290,265,336,323,14445,70.0,16025,14958,340,2150.0,2750.0,20000,3800.0,15713,309
2017-11-13 00:00:00,32500,275,16093,14146,15769,63,7600.0,106.5,283,260,336,330,14316,73.0,16025,14552,337,2150.0,2750.0,20000,3800.0,15601,304
2017-11-20 00:00:00,32500,277,15222,14170,15327,62,7600.0,106.5,293,266,330,330,13691,73.0,16025,14246,340,2150.0,2750.0,20000,3800.0,15328,310
2017-11-27 00:00:00,32000,285,15389,14017,14970,65,7600.0,107.5,296,272,325,340,13724,74.0,16025,13932,335,2150.0,2750.0,20000,3800.0,15192,315
2017-12-04 00:00:00,31500,301,15415,14013,14882,68,7600.0,109.0,300,270,330,345,13599,75.5,16025,13758,335,2150.0,2750.0,20000,3800.0,15040,329
2017-12-11 00:00:00,31700,320,15320,13972,14759,70,7600.0,110.0,315,285,350,355,13580,76.5,15850,13604,355,2150.0,2740.0,20000,3780.0,15028,345
2017-12-18 00:00:00,31800,320,15321,13918,14768,70,7600.0,110.0,317,295,350,355,13632,76.5,15850,13605,355,2150.0,2740.0,20000,3780.0,15024,352
2017-12-25 00:00:00,34600,333,15297,14052,14722,74,7600.0,112.0,335,315,355,380,13502,80.0,15850,13567,360,2150.0,2740.0,20000,3780.0,14803,360
2018-01-01 00:00:00,35600,335,15154,14322,14666,73,7600.0,112.0,340,320,360,385,13606,79.5,15850,13550,365,2150.0,2740.0,20000,3780.0,14844,365
2018-01-08 00:00:00,35600,340,14898,14088,14478,76,8000.0,113.0,345,320,360,390,13583,79.5,15750,13424,365,1765.0,3350.0,20300,4250.0,14727,370
2018-01-15 00:00:00,35600,340,14887,14081,14604,79,8000.0,114.5,345,325,380,380,13598,81.5,15750,13461,380,1765.0,3350.0,20300,4875.0,14888,372
2018-01-22 00:00:00,35300,330,14846,14367,14700,76,8000.0,111.5,338,317,380,380,13641,78.5,15750,13544,380,1765.0,3350.0,20300,4875.0,14965,360
2018-01-29 00:00:00,34500,325,15065,14359,14810,75,8000.0,110.5,330,312,370,360,13594,77.5,15750,13498,365,1765.0,3350.0,20300,4875.0,14927,353
2018-02-05 00:00:00,33700,317,14993,14347,15065,72,8237.5,110.5,318,300,370,360,13917,75.0,15425,13826,370,2475.0,3575.0,20550,5075.0,15211,348
2018-02-12 00:00:00,34000,317,14826,14166,15431,76,8237.5,112.5,320,300,370,350,13967,78.0,15425,14201,365,2475.0,3575.0,20550,5075.0,15139,348
2018-02-19 00:00:00,33900,322,14967,14583,15618,78,8237.5,113.5,325,303,360,350,14272,79.0,15425,14413,360,2475.0,3575.0,20550,5075.0,15390,353
2018-02-26 00:00:00,32700,320,15240,14657,15976,78,8237.5,113.5,335,305,373,375,14739,79.0,15425,14665,365,2475.0,3575.0,20550,5075.0,15580,358
2018-03-05 00:00:00,32900,326,15496,14965,16356,79,8237.5,113.5,337,315,375,385,15040,80.0,15275,15231,370,2475.0,3675.0,20550,5045.0,15836,364
2018-03-12 00:00:00,33300,335,15536,15567,16731,73,8237.5,111.0,350,325,380,400,15040,77.0,15275,15612,380,2475.0,3675.0,20550,5045.0,16001,375
2018-03-19 00:00:00,33600,335,16989,15440,17007,70,8237.5,108.5,350,325,390,405,15271,75.5,15275,15775,395,2475.0,3675.0,20550,5045.0,16421,374
2018-03-26 00:00:00,34800,333,17904,15583,17211,67,8237.5,105.5,350,323,395,405,15404,74.0,15275,16100,395,2475.0,3675.0,20550,5045.0,16692,370
2018-04-02 00:00:00,36100,333,18226,15729,17710,64,8237.5,102.0,350,322,395,395,16012,63.0,15275,16612,397,2475.0,3675.0,20550,5045.0,16921,366
2018-04-09 00:00:00,36100,330,18965,15925,17974,64,8087.5,102.0,345,317,395,375,16221,63.0,15075,17000,397,2525.0,3685.0,20750,5040.0,17321,356
2018-04-16 00:00:00,35900,329,18828,15954,17992,65,8087.5,102.0,343,314,395,375,16346,63.0,15075,16988,397,2525.0,3685.0,20750,5040.0,17409,354
2018-04-23 00:00:00,35900,320,18827,16016,17939,66,8087.5,104.0,330,303,390,375,16544,63.5,15075,17036,395,2525.0,3685.0,20750,5040.0,17567,345
2018-04-30 00:00:00,36400,325,18772,16159,17862,67,8087.5,105.0,335,308,385,360,16374,64.0,15075,16988,390,2525.0,3685.0,20750,5040.0,17628,350
2018-05-07 00:00:00,37900,325,18781,16135,17790,66,8087.5,104.0,327,314,385,360,16330,64.5,14675,16856,385,2625.0,3350.0,21250,4525.0,17642,354
2018-05-14 00:00:00,37700,325,18581,16218,17681,67,8087.5,105.0,327,314,390,365,16412,65.0,14675,16787,385,2625.0,3350.0,21250,4525.0,17623,358
2018-05-21 00:00:00,37900,318,18147,16191,17703,67,8087.5,105.0,327,310,395,365,16395,65.0,14675,16674,390,2625.0,3350.0,21250,4525.0,17570,349
2018-05-28 00:00:00,37900,312,17797,16155,17678,64,8087.5,102.0,327,303,398,365,16394,63.5,14675,16597,390,2625.0,3350.0,21250,4525.0,17518,341
2018-06-04 00:00:00,37600,305,17669,16170,17702,64,8087.5,102.0,320,295,398,360,16468,63.5,14675,16544,390,2625.0,3350.0,21250,4525.0,17571,333
2018-06-11 00:00:00,37400,312,17475,16432,17499,65,8087.5,107.5,320,308,398,355,16515,64.5,13875,16362,390,1925.0,3525.0,21250,4850.0,17543,340
2018-06-18 00:00:00,37400,320,17846,16604,17479,66,8087.5,108.5,325,320,395,357,16337,65.0,13875,16346,390,1925.0,3525.0,21250,4850.0,17369,348
2018-06-25 00:00:00,37100,326,17994,16492,17279,64,8087.5,106.5,333,325,397,357,16180,64.0,13875,16108,393,1925.0,3525.0,21250,4850.0,17325,354
2018-07-02 00:00:00,37100,326,17826,16331,17161,64,8087.5,109.5,333,324,397,357,15945,64.0,13875,15923,393,1925.0,3525.0,21250,4850.0,17195,354
2018-07-09 00:00:00,37200,323,18064,16070,17153,63,8000.0,110.5,333,321,400,357,15922,63.5,13500,15963,400,2785.0,3275.0,23000,5000.0,17273,350
2018-07-16 00:00:00,37800,314,18071,16424,17428,63,8000.0,110.5,323,311,395,357,16101,63.5,13500,16200,400,2785.0,3275.0,23000,5000.0,17405,341
2018-07-23 00:00:00,37500,312,18134,16531,17657,64,8000.0,114.0,323,305,390,355,16133,64.0,13500,16413,395,2785.0,3275.0,23000,5000.0,17443,339
2018-07-30 00:00:00,37500,309,18380,16630,17752,67,8000.0,117.0,320,298,390,355,16194,65.5,13500,16515,395,2785.0,3275.0,23000,5000.0,17473,335
2018-08-06 00:00:00,39400,305,18412,16711,17956,67,8000.0,117.0,317,303,385,350,16283,65.0,13425,16721,395,2750.0,3585.0,23000,4987.5,17546,330
2018-08-13 00:00:00,39650,299,18665,16881,18143,69,8000.0,119.0,305,288,385,350,16515,67.0,13425,16914,390,2750.0,3585.0,23000,4987.5,17588,323
2018-08-20 00:00:00,40750,287,18747,16935,18228,68,8000.0,118.0,287,263,375,350,16773,66.0,13425,16967,380,2750.0,3585.0,23000,4987.5,17649,310
2018-08-27 00:00:00,43100,274,18675,16914,18522,67,8000.0,118.0,279,279,375,350,16810,66.0,13425,17247,377,2750.0,3585.0,23000,4987.5,17663,297
2018-09-03 00:00:00,48700,285,18833,17490,18821,66,8000.0,122.5,285,284,375,343,17329,65.0,13425,17608,377,2750.0,3585.0,23000,4987.5,18397,310
2018-09-10 00:00:00,48850,295,19051,17636,19185,67,7950.0,125.0,295,284,370,343,17601,58.0,13550,17924,375,2985.0,3850.0,23000,6075.0,18508,317
2018-09-17 00:00:00,48350,295,19289,17737,19615,69,7950.0,126.0,297,292,370,343,17962,59.0,13550,18322,373,2985.0,3850.0,23000,6075.0,18833,319
2018-09-24 00:00:00,44600,300,19542,17768,19773,69,7950.0,126.0,297,292,370,343,18212,59.0,13550,18517,373,2985.0,3850.0,23000,6075.0,18994,324
2018-10-01 00:00:00,42600,296,19529,17783,19870,69,7950.0,126.0,296,292,365,355,18222,59.0,13550,18596,370,2985.0,3850.0,23000,6075.0,19016,321
2018-10-08 00:00:00,41500,300,19477,17906,19853,70,7950.0,121.0,299,292,360,360,18304,60.0,13225,18596,366,3140.0,4150.0,23750,6475.0,18987,325
2018-10-15 00:00:00,40800,303,19496,17983,19794,71,7950.0,119.0,303,293,360,360,18271,60.5,13225,18594,365,3140.0,4150.0,23750,6475.0,19007,328
2018-10-22 00:00:00,39700,301,19509,17900,19731,73,7950.0,116.0,304,295,360,360,18245,60.5,13225,18465,365,3140.0,4150.0,23750,6475.0,19020,328
2018-10-29 00:00:00,39500,303,19607,17965,19677,76,7950.0,106.0,305,297,355,357,18048,60.5,13225,18401,364,3140.0,4150.0,23750,6475.0,18894,331
2018-11-05 00:00:00,38800,306,19495,17937,19243,75,7950.0,106.0,315,297,350,357,18062,61.0,13375,17969,364,3160.0,4280.0,22750,6400.0,19000,337
2018-11-12 00:00:00,38300,310,19135,17792,18834,75,7950.0,106.0,315,305,350,357,17624,61.0,13375,17748,364,3160.0,4280.0,22750,6400.0,18718,338
2018-11-19 00:00:00,38000,308,18630,17406,18308,75,7950.0,100.0,313,306,350,352,17113,61.0,13375,17158,364,3160.0,4280.0,22750,6400.0,18294,336
2018-11-26 00:00:00,37600,304,18130,17247,17830,73,7950.0,96.0,310,292,350,347,16588,59.0,13375,16667,364,3160.0,4280.0,22750,6400.0,17864,329
2018-12-03 00:00:00,37600,295,17631,16766,17333,65,7950.0,87.0,307,286,350,336,16123,55.0,13375,16142,364,3160.0,4280.0,22750,6400.0,17434,318
2018-12-10 00:00:00,37300,278,17068,16774,16881,67,7950.0,87.0,289,276,350,332,15754,58.0,13375,15632,360,3350.0,4550.0,22750,6750.0,17120,309
2018-12-17 00:00:00,37000,278,17345,17160,16698,68,7950.0,87.0,280,275,345,322,15150,58.0,13375,15444,355,3350.0,4550.0,22750,6750.0,16458,301
2018-12-24 00:00:00,36700,271,17312,17172,16810,71,7950.0,88.5,269,255,345,323,15326,59.0,13375,15545,350,3350.0,4550.0,22750,6750.0,16414,292
2018-12-31 00:00:00,36000,265,17242,17056,16899,72,7950.0,88.5,269,252,340,315,15405,59.0,13375,15548,345,3350.0,4550.0,22750,6750.0,16535,290
2019-01-07 00:00:00,36000,255,16649,16932,16848,72,7950.0,88.5,259,245,340,310,15305,59.0,13450,15531,345,3035.0,4135.0,22525,6425.0,16513,280
2019-01-14 00:00:00,35700,255,16498,17170,16937,75,7950.0,88.5,260,235,335,310,15356,61.5,13450,15523,337,3035.0,4135.0,22525,6425.0,16568,277
2019-01-21 00:00:00,35300,270,16455,16684,16858,75,7950.0,88.5,269,246,330,301,15243,61.5,13450,15489,325,3035.0,4135.0,22525,6425.0,16496,285
2019-01-28 00:00:00,34000,270,16748,16520,16927,75,7950.0,88.5,273,262,325,301,15266,61.5,13450,15505,325,3035.0,4135.0,22525,6425.0,16529,295
2019-02-04 00:00:00,33800,291,18261,16773,17458,83,7950.0,91.5,295,283,315,322,15912,69.5,13450,16136,325,3035.0,4135.0,22525,6425.0,16787,309
2019-02-11 00:00:00,34550,305,18567,16780,17817,91,7700.0,100.5,315,290,330,327,16196,77.5,13625,16556,330,3300.0,4565.0,22525,7175.0,17406,329
2019-02-18 00:00:00,36000,303,18541,16842,17948,88,7700.0,100.5,316,293,335,327,16600,75.5,13625,16700,332,3300.0,4565.0,22525,7175.0,17699,327
2019-02-25 00:00:00,37700,295,19142,16898,18686,88,7700.0,100.5,316,285,335,330,17442,75.5,13625,17486,343,3300.0,4565.0,22525,7175.0,18291,320
2019-03-04 00:00:00,40200,285,20030,17333,18848,85,7700.0,97.5,300,275,335,325,17967,72.5,13625,18094,345,3300.0,4565.0,22525,7175.0,18852,310
2019-03-11 00:00:00,40200,293,20701,18006,19328,87,7700.0,95.0,302,287,347,335,18920,74.5,13550,18587,345,3765.0,5000.0,23025,7760.0,19808,320
2019-03-18 00:00:00,39900,295,20774,18119,19902,85,7700.0,94.0,305,287,347,340,18915,73.5,13550,19010,350,3765.0,5000.0,23025,7760.0,19902,323
2019-03-25 00:00:00,39400,295,20741,18421,19600,86,7700.0,94.0,305,287,347,345,18922,74.5,13550,18545,345,3765.0,5000.0,23025,7760.0,19961,323
2019-04-01 00:00:00,39300,292,20442,18699,19208,85,7700.0,93.0,302,287,347,340,18494,74.5,13550,18241,355,3765.0,5000.0,23025,7760.0,19560,319
2019-04-08 00:00:00,39500,287,19304,18208,18445,91,7700.0,93.0,296,282,347,335,17493,81.0,13700,17151,350,3792.5,5100.0,22200,7805.0,19078,313
2019-04-15 00:00:00,39500,280,18955,17972,18201,95,7700.0,99.0,288,275,347,335,16886,85.5,13700,16903,355,3792.5,5100.0,22200,7805.0,18488,306
2019-04-22 00:00:00,39300,287,17491,17523,16985,93,7700.0,98.0,293,282,335,335,16234,84.0,13700,15685,350,3792.5,5100.0,22200,7805.0,17751,312
2019-04-29 00:00:00,39300,285,16696,17174,16652,93,7700.0,98.0,290,280,330,315,16141,84.0,13700,15349,350,3792.5,5100.0,22200,7805.0,17602,310
2019-05-06 00:00:00,39300,275,16724,16760,16530,94,7700.0,99.0,286,267,330,315,16132,85.0,13700,15287,337,3900.0,4975.0,21950,7890.0,17360,303
2019-05-13 00:00:00,40300,265,16045,16530,16116,95,7700.0,102.0,275,260,330,310,15699,85.0,13700,14933,337,3900.0,4975.0,21950,7890.0,16972,290
2019-05-20 00:00:00,40000,269,15682,16563,16074,96,7700.0,108.0,279,258,330,305,15236,86.0,13700,14867,335,3900.0,4975.0,21950,7890.0,16812,294
2019-05-27 00:00:00,40200,285,15669,16108,16044,103,7700.0,108.0,292,275,330,305,14890,95.0,13700,14811,337,3900.0,4975.0,21950,7890.0,16438,310
2019-06-03 00:00:00,40200,280,15554,15793,15921,103,7700.0,109.0,290,272,330,310,14391,95.0,13700,14686,335,3900.0,4975.0,21950,7890.0,16118,303
2019-06-10 00:00:00,40300,282,15391,15500,15636,99,7700.0,110.0,290,273,330,311,14449,92.5,13700,14176,333,3690.0,5225.0,21950,7425.0,16094,298
2019-06-17 00:00:00,41500,270,15565,15530,15632,107,7700.0,117.0,275,259,320,305,14449,99.5,13700,14097,327,3690.0,5225.0,21950,7425.0,16051,290
2019-06-24 00:00:00,40500,256,15525,15578,15636,114,7700.0,123.0,265,250,315,305,14821,106.5,13700,14371,327,3690.0,5225.0,21950,7425.0,16142,279
2019-07-01 00:00:00,40500,260,15670,15608,16431,116,7700.0,125.0,268,257,315,300,14991,108.5,13700,15299,332,3690.0,5225.0,21950,7425.0,16404,285
2019-07-08 00:00:00,40300,274,16603,15678,16626,122,6200.0,130.0,278,268,315,305,15294,116.0,12525,15474,335,3050.0,5275.0,21850,7410.0,17049,298
2019-07-15 00:00:00,39800,270,17730,15866,17132,120,6200.0,127.5,275,265,315,305,15883,114.5,12525,15935,345,3050.0,5275.0,21850,7410.0,17411,295
2019-07-22 00:00:00,39800,269,17843,15882,17509,121,6200.0,128.5,273,265,320,305,16238,115.5,12525,16282,345,3050.0,5275.0,21850,7410.0,17571,294
2019-07-29 00:00:00,40200,269,18359,15926,17591,117,6200.0,124.5,273,265,320,305,16254,111.5,12525,16320,345,3050.0,5275.0,21850,7410.0,17543,294
2019-08-05 00:00:00,40300,270,18523,15712,17521,116,6200.0,124.0,273,265,345,305,16227,110.5,12150,16334,345,3475.0,5675.0,21850,8170.0,17583,292
2019-08-12 00:00:00,39200,268,18634,15744,17370,96,6200.0,106.0,269,265,340,304,16074,90.5,12150,16266,342,3475.0,5675.0,21850,8170.0,17545,289
2019-08-19 00:00:00,38700,260,18262,15766,17177,89,6200.0,100.0,269,260,340,304,15747,83.5,12150,16078,342,3475.0,5675.0,21850,8170.0,17508,284
2019-08-26 00:00:00,38200,250,17569,15722,16854,87,6200.0,98.0,260,255,335,304,15613,81.5,12150,15756,340,3475.0,5675.0,21850,8170.0,17437,279
2019-09-02 00:00:00,37700,242,17403,15773,16883,84,6200.0,95.0,246,245,330,295,15599,78.5,12150,15686,335,3475.0,5675.0,21850,8170.0,17344,270
2019-09-09 00:00:00,36900,225,16385,15924,16311,90,6200.0,97.0,228,226,315,292,14776,84.5,12150,14959,325,3725.0,5300.0,21850,7050.0,16472,253
2019-09-16 00:00:00,36200,213,16427,15953,15958,95,6200.0,97.0,215,212,310,277,14739,88.5,12150,14702,320,3725.0,5300.0,21850,7050.0,16391,240
2019-09-23 00:00:00,35000,205,15921,15702,15813,95,6200.0,100.5,208,200,305,260,14498,88.5,12150,14403,315,3725.0,5300.0,21850,7050.0,16172,233
2019-09-30 00:00:00,34200,199,15688,15270,15198,91,6200.0,102.0,200,192,285,258,14144,85.0,12150,13765,300,3725.0,5300.0,21850,7050.0,16068,225
2019-10-07 00:00:00,33500,199,14825,14832,14905,94,5125.0,105.0,201,194,280,245,13578,88.0,11525,13447,300,2475.0,4125.0,20750,5275.0,15566,227
2019-10-14 00:00:00,33300,207,14292,14919,14432,93,5125.0,104.0,208,204,275,242,13267,87.0,11525,13274,280,2475.0,4125.0,20750,5275.0,15105,233
2019-10-21 00:00:00,33500,216,14245,14844,14326,88,5125.0,99.0,218,210,280,242,13033,82.0,11525,13166,280,2475.0,4125.0,20750,5275.0,14668,241
2019-10-28 00:00:00,33300,225,14262,14479,14252,87,5125.0,99.0,230,220,285,248,12908,82.0,11525,13172,285,2475.0,4125.0,20750,5275.0,14573,250
2019-11-04 00:00:00,33800,230,14426,12937,14110,85,5125.0,99.0,232,225,285,258,12181,79.0,11525,12878,290,2475.0,4125.0,20750,5275.0,13581,255
2019-11-11 00:00:00,33500,238,14709,13058,13839,82,5125.0,98.0,240,231,290,265,12469,78.0,11525,12702,298,2460.0,3925.0,20750,5200.0,13494,260
2019-11-18 00:00:00,32300,240,14477,12845,13893,82,5125.0,101.0,242,233,290,270,12563,78.0,11525,12713,302,2460.0,3925.0,20750,5200.0,13513,261
2019-11-25 00:00:00,32200,239,14627,12149,14167,86,5125.0,103.5,246,235,300,275,12840,82.0,11525,13100,305,2460.0,3925.0,20750,5200.0,13559,262
2019-12-02 00:00:00,31800,245,15019,12756,14373,88,5125.0,103.5,245,239,305,275,13215,84.0,11525,13370,306,2460.0,3925.0,20750,5200.0,14161,266
2019-12-09 00:00:00,31100,260,15266,13388,14614,89,5125.0,103.5,257,255,310,282,13679,84.0,11525,13563,308,2375.0,3600.0,20750,4600.0,14638,285
2019-12-16 00:00:00,30600,272,15468,13225,15274,94,5125.0,107.5,275,268,310,295,13801,89.0,11525,13941,315,2375.0,3600.0,20750,4600.0,14791,297
2019-12-23 00:00:00,31400,275,15532,13391,15385,93,5125.0,107.5,276,271,310,297,14168,88.0,11525,14059,320,2375.0,3600.0,20750,4600.0,14749,299
2019-12-30 00:00:00,32900,277,15842,13431,15907,91,5125.0,107.5,276,272,320,297,14352,86.0,11525,14606,320,2375.0,3600.0,20750,4600.0,15224,301
2020-01-06 00:00:00,32900,276,15907,13453,16047,92,5125.0,108.5,276,272,320,299,14417,87.0,11525,14626,320,2750.0,3950.0,19050,4850.0,15438,301
2020-01-13 00:00:00,33400,275,16361,14164,16626,94,4400.0,109.5,275,270,320,299,14506,89.0,10650,15066,320,2750.0,3950.0,19050,4850.0,15620,299
2020-01-20 00:00:00,32500,270,16475,14035,16876,95,4400.0,113.0,271,265,325,299,14711,90.0,10650,15470,328,2750.0,3950.0,19050,4850.0,15893,295
2020-01-27 00:00:00,32890,257,16693,13893,16845,94,4400.0,116.0,260,250,325,289,14916,89.0,10650,15556,322,2750.0,3950.0,19050,4850.0,16421,280
2020-02-03 00:00:00,33400,248,17038,13993,16833,84,4400.0,113.0,252,240,320,285,15438,80.0,10650,15530,322,2750.0,3950.0,19050,4850.0,17040,270
2020-02-10 00:00:00,32800,240,17340,14620,16684,82,4300.0,115.0,240,228,315,270,15862,78.0,11200,15392,310,2750.0,3900.0,19050,5135.0,17561,260
2020-02-17 00:00:00,32000,251,17062,14780,16908,86,4300.0,115.0,252,240,315,260,16058,82.0,11200,15454,310,2750.0,3900.0,19050,5135.0,17637,272
2020-02-24 00:00:00,31500,258,16714,14756,15983,90,4300.0,115.0,260,247,320,275,15539,86.0,11200,14937,330,2750.0,3900.0,19050,5135.0,17536,280
2020-03-02 00:00:00,32500,255,17056,14590,15608,88,4300.0,117.0,260,245,320,275,15349,84.0,11200,15025,330,2750.0,3900.0,19050,5135.0,17115,278
2020-03-09 00:00:00,33500,249,15306,14154,14832,90,4700.0,117.0,254,243,323,270,15082,86.0,11825,14061,341,2650.0,3700.0,19300,4880.0,16936,273
2020-03-16 00:00:00,34000,245,15441,14186,15153,90,4700.0,117.0,250,240,323,265,14217,86.0,11825,13672,335,2650.0,3700.0,19300,4880.0,16367,270
2020-03-23 00:00:00,35000,222,15189,13993,15266,90,4700.0,116.0,226,215,310,257,13986,86.0,11825,13896,305,2650.0,3700.0,19300,4880.0,15754,245
2020-03-30 00:00:00,35000,199,15112,13959,15124,85,4700.0,104.5,195,188,290,240,13846,81.0,11825,13758,297,2650.0,3700.0,19300,4880.0,15563,215
2020-04-06 00:00:00,34500,190,15119,13902,14716,83,4700.0,104.5,192,190,270,233,13533,79.0,11825,13464,280,2715.0,4050.0,20100,5355.0,15516,210
2020-04-13 00:00:00,34000,230,15003,13849,14683,83,4700.0,104.5,230,225,265,233,13867,79.0,11975,13324,285,2405.0,4050.0,20100,5355.0,15812,245
2020-04-20 00:00:00,33500,242,15407,13923,14833,85,4700.0,102.5,244,232,265,250,13981,81.0,11975,13414,290,2405.0,4050.0,20100,5355.0,16073,256
2020-04-27 00:00:00,33500,241,16149,14469,15546,84,4700.0,98.5,245,232,265,250,14608,80.0,11975,14229,283,2405.0,4050.0,20100,5355.0,16684,255
2020-05-04 00:00:00,33500,230,16327,14213,15853,83,4700.0,96.5,225,220,267,250,14859,79.0,11975,14625,286,2405.0,4050.0,20100,5355.0,16986,240
2020-05-11 00:00:00,33500,230,16247,14244,15923,85,4500.0,101.5,232,220,285,250,14831,81.0,11475,14627,288,2402.5,4075.0,20100,5725.0,17013,242
2020-05-18 00:00:00,33500,235,16133,14045,15705,91,4500.0,103.5,240,225,290,255,14370,86.5,11475,14370,290,2402.5,4075.0,20100,5725.0,16514,250
2020-05-25 00:00:00,33500,235,14983,13994,14946,97,4500.0,109.0,240,220,295,252,13578,92.5,11475,13642,295,2402.5,4075.0,20100,5725.0,15486,250
2020-06-01 00:00:00,33000,238,14834,13739,14631,97,4500.0,110.0,241,225,295,255,13058,92.5,11475,13257,296,2402.5,4075.0,20100,5725.0,14911,253
2020-06-08 00:00:00,33000,243,14309,13629,14467,101,4500.0,111.5,247,230,295,260,12702,96.0,9625,13091,307,2880.0,4025.0,20100,5695.0,14185,258
2020-06-15 00:00:00,33000,250,14363,13702,14523,105,4500.0,111.5,253,236,300,270,12777,98.0,9625,13162,305,2880.0,4025.0,20100,5695.0,13844,265
2020-06-22 00:00:00,33700,245,15019,13394,14771,104,4500.0,108.5,250,235,313,281,13367,96.0,9625,13613,318,2880.0,4025.0,20100,5695.0,13687,264
2020-06-29 00:00:00,34500,237,15611,13549,15210,104,4500.0,106.5,244,230,313,265,13917,96.0,9625,14018,315,2880.0,4025.0,20100,5695.0,14474,257
2020-07-06 00:00:00,34500,235,16135,13680,15502,101,4000.0,106.5,244,230,305,257,14252,92.0,8550,14232,310,2600.0,4580.0,20250,6240.0,14956,255
2020-07-13 00:00:00,35000,233,16093,13891,15694,105,4000.0,108.0,241,230,313,257,14385,95.0,8550,14462,317,2600.0,4580.0,20250,6240.0,15346,255
2020-07-20 00:00:00,35000,236,16450,14243,15809,112,4000.0,109.0,239,235,320,257,14749,99.5,8550,14664,323,2600.0,4580.0,20250,6240.0,16007,259
2020-07-27 00:00:00,35100,245,16575,14357,16100,110,4000.0,108.0,248,245,320,267,15036,97.5,8550,14979,323,2600.0,4580.0,20250,6240.0,16443,269
2020-08-03 00:00:00,35100,255,17052,14364,16548,110,4000.0,109.0,256,252,320,273,15399,97.5,8550,15362,325,2600.0,4580.0,20250,6240.0,16775,277
2020-08-10 00:00:00,35200,264,17468,14462,16807,119,4000.0,112.5,263,257,337,278,15815,105.5,8700,15826,335,2765.0,4825.0,20250,6575.0,17173,283
2020-08-17 00:00:00,35500,266,17434,14797,17205,122,4000.0,112.5,264,259,340,293,16070,108.5,8700,16267,342,2765.0,4825.0,20250,6575.0,17596,285
2020-08-24 00:00:00,36500,261,17836,15637,17550,127,4000.0,117.0,263,253,340,305,16335,113.5,8700,16626,342,2765.0,4825.0,20250,6575.0,17907,282
2020-08-31 00:00:00,37200,265,17989,15744,17534,123,4000.0,116.0,267,260,340,308,16380,111.0,8700,16583,345,2765.0,4825.0,20250,6575.0,18075,288
2020-09-07 00:00:00,37500,275,17983,16233,17520,127,4000.0,121.5,278,270,350,310,16554,114.5,9550,16595,354,3060.0,6050.0,20550,7570.0,18417,298
2020-09-14 00:00:00,37500,280,18039,16547,17869,128,4000.0,127.5,282,276,365,314,17172,114.5,9550,16887,360,3060.0,6950.0,20550,7570.0,18961,301
2020-09-21 00:00:00,38000,273,19027,16672,18270,126,4000.0,129.5,282,273,365,314,17817,112.5,9550,17320,369,3060.0,5625.0,20550,7570.0,19405,296
2020-09-28 00:00:00,38500,272,19507,17257,18706,117,4000.0,120.5,283,273,360,305,18220,103.5,9550,17687,363,2980.0,5625.0,20550,7570.0,19591,295
2020-10-05 00:00:00,39500,265,19744,17768,18923,121,4000.0,123.5,275,266,350,305,18492,107.5,9550,17962,348,3390.0,6150.0,22350,8445.0,19934,290
2020-10-12 00:00:00,40000,260,19928,17982,19099,124,4000.0,126.0,265,260,353,302,18681,110.5,9550,18201,355,3390.0,6150.0,22350,8445.0,20070,285
2020-10-19 00:00:00,39500,260,19716,17973,19062,121,4000.0,124.0,266,260,353,301,18466,106.0,9550,18148,355,3390.0,6150.0,22350,8445.0,20070,286
2020-10-26 00:00:00,39500,264,19708,18031,18857,119,4000.0,126.0,270,262,353,301,18526,103.5,9550,18044,359,3390.0,6150.0,22350,8445.0,20063,290
2020-11-02 00:00:00,39500,265,19823,18089,18906,116,4000.0,125.0,272,264,353,303,18742,100.5,9550,18080,359,3390.0,6150.0,22350,8445.0,20215,292
2020-11-09 00:00:00,39500,269,20125,18438,19351,118,4050.0,128.0,277,266,360,308,19029,102.5,9550,18508,370,3445.0,6650.0,23100,8445.0,20562,296
2020-11-16 00:00:00,39500,281,20199,18723,19672,123,4050.0,132.0,291,280,375,325,19116,107.5,9550,18760,379,3445.0,6650.0,23100,8445.0,20650,310
2020-11-23 00:00:00,39500,303,20488,19062,20073,127,4050.0,135.0,310,300,395,335,19331,111.5,9550,19154,405,3445.0,6650.0,23100,8445.0,20966,330
2020-11-30 00:00:00,41500,322,21016,18927,20698,129,4050.0,137.0,320,315,430,340,19632,113.5,9550,19729,435,3445.0,6650.0,23100,8445.0,21348,350
2020-12-07 00:00:00,42500,330,21464,19187,21376,137,4050.0,147.0,340,320,440,380,20299,121.5,9550,20457,470,3440.0,6635.0,24600,8450.0,21786,360
2020-12-14 00:00:00,51000,372,22924,19772,22459,153,4050.0,157.0,380,365,485,390,21377,137.5,9550,21690,490,3440.0,6635.0,24600,8450.0,22629,400
2020-12-21 00:00:00,58000,415,24467,20725,23828,158,4050.0,163.0,418,405,505,455,22925,142.5,9550,23142,515,3440.0,6635.0,24600,8450.0,23676,440
2020-12-28 00:00:00,61000,442,26167,22224,26123,168,4050.0,184.0,447,433,535,475,24565,152.5,9550,25395,540,3440.0,6635.0,24600,8450.0,25382,470
2021-01-04 00:00:00,61000,450,27485,23365,27402,161,4050.0,181.0,454,440,535,475,26082,145.5,9550,26802,540,3440.0,6635.0,24600,8450.0,27156,477
2021-01-11 00:00:00,61000,455,27884,23572,28007,168,4350.0,190.0,457,443,550,480,26461,152.5,11350,27134,555,4025.0,8100.0,32375,9885.0,27967,480
2021-01-18 00:00:00,62000,440,27893,24195,28134,171,4350.0,194.0,445,428,550,480,26348,155.5,11350,27297,555,4025.0,8100.0,32375,9885.0,27545,465
2021-01-25 00:00:00,62000,410,28573,25479,28415,170,4350.0,196.0,414,403,520,455,27178,154.5,11350,27647,525,4025.0,8100.0,32375,9885.0,27983,440
2021-02-01 00:00:00,59000,380,28416,25579,28503,163,4350.0,192.0,392,380,490,417,27494,147.5,11350,27662,505,4025.0,8100.0,32375,9885.0,28246,415
2021-02-08 00:00:00,55000,366,28187,25285,28002,154,5950.0,183.0,370,363,480,397,27253,138.5,14500,27102,495,6600.0,9585.0,29875,11515.0,28177,398
2021-02-15 00:00:00,51500,375,26751,24914,26993,164,5950.0,189.0,375,370,485,415,26000,148.5,14500,25834,500,6600.0,9585.0,29875,11515.0,27643,407
2021-02-22 00:00:00,48500,387,25897,24774,25779,170,5950.0,190.0,388,380,500,440,25440,154.5,14500,24638,520,6600.0,9585.0,29875,11515.0,27158,418
2021-03-01 00:00:00,48000,415,26494,24850,25524,174,5950.0,195.0,417,410,510,445,25314,162.5,14500,24653,525,6600.0,9585.0,29875,11515.0,27240,445
2021-03-08 00:00:00,49000,425,26694,25336,26096,176,6600.0,201.0,425,422,520,460,26011,164.5,19500,25029,546,4075.0,9425.0,30875,11575.0,27254,460
2021-03-15 00:00:00,50500,405,26961,26291,26877,168,6600.0,194.0,412,407,530,460,26177,156.5,19500,25843,546,4075.0,9425.0,30875,11575.0,27738,445
2021-03-22 00:00:00,50800,390,27526,26498,27680,164,6600.0,190.5,400,390,530,434,26624,152.5,19500,26670,545,4075.0,9425.0,30875,11575.0,28137,427
2021-03-29 00:00:00,51500,382,28225,27172,28656,160,6600.0,190.5,393,380,530,438,27371,148.5,19500,27585,545,4075.0,9425.0,30875,11575.0,28832,417
2021-04-05 00:00:00,53500,393,28804,27524,28998,167,7150.0,201.5,400,390,510,442,27728,155.5,21850,27967,545,4550.0,10375.0,37600,12825.0,29311,428
2021-04-12 00:00:00,54500,398,28948,27737,28730,171,7150.0,205.5,407,392,520,455,27676,159.5,21850,27727,550,4550.0,10375.0,37600,12825.0,29418,431
2021-04-19 00:00:00,58500,395,28798,27700,28318,175,7150.0,210.0,405,388,540,460,27420,158.5,21850,27434,550,4550.0,10375.0,37600,12825.0,29405,428
2021-04-26 00:00:00,60500,395,28571,27709,27879,185,7150.0,219.0,407,388,540,456,27481,160.0,21850,26981,565,4550.0,10375.0,37600,12825.0,29309,425
2021-05-03 00:00:00,62500,405,28138,27722,27484,191,7150.0,228.0,415,400,560,466,27325,166.0,21850,26450,580,4550.0,10375.0,37600,12825.0,29031,438
2021-05-10 00:00:00,63500,437,27905,27700,27155,197,7150.0,233.0,445,432,590,471,27092,172.0,22250,26104,600,4675.0,10050.0,37600,14025.0,28821,470
2021-05-17 00:00:00,67000,471,27865,27883,27257,225,7150.0,256.0,480,467,630,525,27165,200.0,22250,26160,660,4675.0,10050.0,37600,14025.0,29010,503
2021-05-24 00:00:00,71900,473,28524,28571,27865,213,7150.0,244.0,482,470,630,535,27588,188.0,22250,26709,640,4675.0,10050.0,37600,14025.0,29303,507
2021-05-31 00:00:00,71900,475,29326,28883,28807,189,7150.0,224.0,483,475,630,518,28134,164.0,22250,27659,640,4675.0,10050.0,37600,14025.0,29809,510
2021-06-07 00:00:00,72500,468,29672,28805,29278,207,7150.0,241.0,478,468,620,508,28352,182.0,24750,28162,635,5390.0,12000.0,38350,16750.0,30160,503
2021-06-14 00:00:00,74000,469,29561,28242,29330,213,7150.0,246.0,475,469,630,515,28373,187.0,24750,28260,635,5390.0,12000.0,38350,16750.0,30148,504
2021-06-21 00:00:00,74000,463,29375,27722,29190,219,7150.0,253.0,461,465,630,515,28202,192.0,24750,28003,640,5390.0,12000.0,38350,16750.0,30128,500
2021-06-28 00:00:00,74000,457,29065,26673,28969,214,7150.0,250.0,459,462,615,513,27807,187.0,24750,27679,605,5390.0,12000.0,38350,16750.0,30111,497
2021-07-05 00:00:00,74000,456,27776,25813,27889,218,10500.0,259.0,459,460,615,518,26924,191.0,28500,26892,600,5475.0,12090.0,42500,16450.0,29662,498
2021-07-12 00:00:00,73500,453,26909,25816,27063,220,10500.0,260.0,457,458,615,518,26257,193.0,28500,25966,585,5475.0,12090.0,42500,16450.0,28463,496
2021-07-19 00:00:00,72500,441,26080,25855,25804,220,10500.0,255.0,448,448,615,508,25358,193.0,28500,24734,605,5475.0,12090.0,42500,16450.0,27589,486
2021-07-26 00:00:00,71500,437,26272,24580,26161,209,10500.0,241.0,445,440,605,508,24725,182.0,28500,24714,608,5475.0,12090.0,42500,16450.0,26726,480
2021-08-02 00:00:00,69500,430,26890,23645,26351,196,10500.0,222.0,439,427,570,503,24886,169.0,28500,25089,590,5475.0,12090.0,42500,16450.0,26656,472
2021-08-09 00:00:00,66000,424,27101,24491,26706,178,10500.0,199.0,424,417,550,500,25215,151.0,28500,25589,565,5750.0,12715.0,42500,17750.0,26812,464
2021-08-16 00:00:00,65000,415,27849,24489,27356,163,10500.0,181.0,421,410,540,495,25672,137.0,28500,26472,540,5750.0,12715.0,42500,17750.0,26824,457
2021-08-23 00:00:00,63500,410,27941,24136,27394,149,10500.0,167.0,415,400,500,500,26077,123.0,28500,26514,500,5750.0,12715.0,42500,17750.0,26890,452
2021-08-30 00:00:00,62000,406,28185,24175,27420,149,10500.0,163.0,413,396,485,500,25998,123.0,28500,26654,500,5750.0,12715.0,42500,17750.0,26960,448
2021-09-06 00:00:00,59000,405,28241,24250,27418,148,10500.0,160.0,413,394,480,483,25879,122.0,28500,26541,505,4675.0,10365.0,40000,15600.0,27339,446
2021-09-13 00:00:00,56500,401,28233,24106,27219,132,10500.0,146.0,409,390,480,483,25793,106.0,28500,26413,470,4675.0,10365.0,40000,15600.0,27259,443
2021-09-20 00:00:00,55000,392,27854,24607,26724,113,10500.0,136.0,405,386,480,498,25523,88.0,28500,26108,475,4675.0,10365.0,40000,15600.0,26988,439
2021-09-27 00:00:00,54000,388,27166,24138,26251,103,10500.0,135.0,401,386,470,500,25059,78.0,28500,25488,498,4675.0,10365.0,40000,15600.0,26703,438
2021-10-04 00:00:00,56800,385,26784,23908,25750,116,10500.0,152.0,398,386,470,500,24722,91.0,28500,25050,478,4675.0,10365.0,40000,15600.0,26496,435
2021-10-11 00:00:00,59000,397,26523,24028,25604,119,19000.0,158.0,410,402,485,508,24681,94.0,40500,24896,500,3585.0,7650.0,38500,13300.0,26474,449
2021-10-18 00:00:00,64000,427,26086,24275,25157,128,19000.0,180.0,436,432,500,528,24534,114.5,40500,24515,515,3585.0,7650.0,38500,13300.0,26537,480
2021-10-25 00:00:00,73000,448,26593,24629,25936,122,19000.0,179.0,450,451,510,544,25363,109.5,40500,25359,540,3585.0,7650.0,38500,13300.0,27467,500
2021-11-01 00:00:00,77000,446,27708,24737,27341,116,19000.0,177.0,450,450,515,550,26648,103.5,40500,26592,545,3585.0,7650.0,38500,13300.0,28334,501
2021-11-08 00:00:00,79000,441,28831,24893,28389,98,19000.0,161.0,453,446,510,541,27498,85.5,42500,27446,530,3140.0,6125.0,39250,10550.0,28778,497
2021-11-15 00:00:00,78000,445,29339,25638,28841,92,19000.0,154.0,456,446,510,528,28006,82.5,42500,28100,545,3140.0,6125.0,39250,10550.0,29351,499
2021-11-22 00:00:00,72500,443,30104,25790,29662,90,19000.0,148.0,458,444,515,528,28584,80.5,42500,29015,540,3140.0,6125.0,39250,10550.0,30195,498
2021-11-29 00:00:00,64000,438,30914,26133,30376,99,19000.0,146.0,453,438,510,530,29414,89.5,42500,29906,520,3140.0,6125.0,39250,10550.0,30842,492
2021-12-06 00:00:00,61500,430,31202,26178,30713,100,17000.0,143.0,445,428,510,530,29724,89.5,42500,30184,525,2665.0,5525.0,39250,8950.0,31083,484
2021-12-13 00:00:00,60500,417,30750,26031,30050,105,17000.0,152.0,431,415,510,528,28958,94.5,42500,29578,515,2665.0,5525.0,39250,8950.0,30275,471
2021-12-20 00:00:00,61500,414,29870,25299,29447,112,17000.0,159.0,425,410,505,520,28299,101.5,42500,28862,510,2665.0,5525.0,39250,8950.0,29555,467
2021-12-27 00:00:00,62500,416,29631,24741,28941,124,17000.0,173.0,422,413,505,512,27848,0.0,42500,28419,510,2665.0,5525.0,39250,8950.0,29024,461
2022-01-03 00:00:00,63500,418,29121,24326,28566,118,17000.0,168.5,424,415,505,500,27215,107.0,42500,27969,510,2665.0,5525.0,39250,8950.0,28407,463
2022-01-10 00:00:00,63500,419,28826,24255,28615,125,17000.0,170.5,425,416,495,500,26977,114.5,42500,27830,500,2825.0,6575.0,39000,9900.0,28802,465
2022-01-17 00:00:00,63700,430,29086,25878,28751,128,17000.0,176.5,440,425,500,510,27257,117.5,42500,27934,515,2825.0,6575.0,39000,9900.0,28622,471
2022-01-24 00:00:00,62500,430,28955,25949,28321,131,17000.0,183.5,435,425,510,518,27140,120.5,42500,27651,520,2825.0,6575.0,39000,9900.0,28389,470
2022-01-31 00:00:00,62900,429,29396,25683,28816,139,17000.0,190.5,438,425,510,530,27624,128.5,42500,27972,530,2825.0,6575.0,39000,9900.0,28807,470
2022-02-07 00:00:00,65000,450,30752,26372,30282,145,18750.0,197.5,462,445,535,535,28859,134.5,42500,29440,555,3365.0,8135.0,40500,11845.0,30078,490
2022-02-14 00:00:00,65500,464,32114,27970,31346,150,18750.0,200.5,474,458,545,555,29977,144.5,42500,30598,570,3365.0,8135.0,40500,11845.0,31458,503
2022-02-21 00:00:00,69000,466,32898,28335,32085,138,18750.0,187.5,477,460,560,560,30930,132.5,42500,31407,585,3365.0,8135.0,40500,11845.0,32417,506
2022-02-28 00:00:00,78000,469,33913,28968,33041,137,18750.0,185.5,477,460,610,568,31875,131.5,42500,32437,585,3365.0,8135.0,40500,11845.0,33208,509
2022-03-07 00:00:00,77000,524,35186,31048,34263,147,18750.0,197.5,534,497,710,575,32402,144.5,42500,32619,680,4375.0,9660.0,39500,13800.0,34466,567
2022-03-14 00:00:00,74000,604,32835,31137,32912,159,18750.0,214.0,610,578,860,598,31181,156.0,42500,30755,761,4375.0,9660.0,39500,13800.0,33349,648
2022-03-21 00:00:00,67000,614,29971,27892,29736,145,18750.0,201.0,619,588,960,640,28228,142.0,42500,28469,761,4375.0,9660.0,39500,13800.0,30238,658
2022-03-28 00:00:00,69500,610,27675,27476,27559,147,18750.0,200.0,612,587,960,658,26485,144.0,42500,26492,780,4375.0,9660.0,39500,13800.0,28568,657
2022-04-04 00:00:00,69500,605,26916,26778,26627,156,18750.0,205.0,610,584,960,650,25185,153.0,42500,25648,768,4375.0,9660.0,39500,13800.0,27411,654
2022-04-11 00:00:00,67500,603,26208,25966,25989,158,18000.0,203.0,611,583,960,637,24659,155.0,40500,24910,681,3700.0,6950.0,46000,11050.0,27074,653
2022-04-18 00:00:00,64000,595,26943,26986,26719,152,18000.0,197.5,604,575,940,622,25352,150.0,40500,25607,680,3700.0,6950.0,46000,11050.0,27984,645
2022-04-25 00:00:00,61500,566,29731,28925,28891,151,18000.0,194.5,577,547,930,610,28254,129.5,40500,28030,650,3700.0,6950.0,46000,11050.0,30202,617
2022-05-02 00:00:00,58000,512,31615,29737,30427,140,18000.0,179.5,512,492,910,585,31376,118.5,40500,29767,610,3700.0,6950.0,46000,11050.0,32061,562
2022-05-09 00:00:00,56000,487,32249,29951,31017,143,18000.0,182.5,488,467,850,550,31982,121.5,40500,30523,560,3650.0,7000.0,42000,10900.0,32880,537
2022-05-16 00:00:00,54000,445,31462,28736,30791,130,18000.0,165.5,443,425,850,525,31548,108.5,40500,30082,450,3650.0,7000.0,42000,10900.0,32910,495
2022-05-23 00:00:00,50000,417,29099,26720,28480,131,18000.0,166.5,418,415,770,510,29528,109.5,40500,27356,468,3650.0,7000.0,42000,10900.0,30626,469
2022-05-30 00:00:00,46000,412,23603,23317,21615,133,18000.0,169.5,415,411,700,500,23798,111.5,40500,21574,447,3650.0,7000.0,42000,10900.0,25964,461
2022-06-06 00:00:00,43500,396,21843,19757,20122,139,9500.0,175.5,391,390,660,497,18829,116.5,25000,19499,430,2825.0,4775.0,33000,6025.0,23137,440
2022-06-13 00:00:00,42000,381,20112,17185,18736,145,9500.0,179.5,381,374,640,490,18445,122.5,25000,17655,463,2825.0,4775.0,33000,6025.0,21258,424
2022-06-20 00:00:00,43000,339,18343,16334,18221,131,9500.0,164.5,340,333,590,453,17335,108.5,25000,16963,400,2825.0,4775.0,33000,6025.0,20827,378
2022-06-27 00:00:00,44000,297,18306,15790,17846,114,9500.0,146.5,309,292,560,403,17107,91.5,25000,16514,365,2825.0,4775.0,33000,6025.0,20230,337
2022-07-04 00:00:00,45000,303,18054,16063,17223,121,9500.0,149.5,311,298,540,378,17134,98.5,25000,16006,360,2825.0,4775.0,33000,6025.0,19477,343
2022-07-11 00:00:00,45500,356,18268,15297,17148,113,7500.0,139.5,366,353,520,383,16544,90.5,18000,15790,390,2025.0,3325.0,29900,4825.0,19166,398
2022-07-18 00:00:00,47000,370,20207,16673,18308,103,7500.0,129.5,371,364,460,395,17103,80.5,18000,16212,410,2025.0,3325.0,29900,4825.0,19955,409
2022-07-25 00:00:00,47500,348,21962,16962,20147,98,7500.0,124.5,349,342,460,390,18040,75.5,18000,17776,410,2025.0,3325.0,29900,4825.0,20489,387
2022-08-01 00:00:00,47500,317,23751,17547,21835,112,7500.0,127.5,319,310,460,380,19731,79.5,18000,19730,400,2025.0,3325.0,29900,4825.0,22020,355
2022-08-08 00:00:00,49000,321,25568,21195,23534,109,6500.0,123.5,325,315,455,370,22180,76.5,14500,21650,390,2000.0,3350.0,23250,4575.0,24183,360
2022-08-15 00:00:00,47500,357,26015,21461,23841,109,6500.0,123.5,362,350,455,385,22858,76.5,14500,22016,390,2000.0,3350.0,23250,4575.0,24832,395
2022-08-22 00:00:00,46500,361,25881,21510,24239,102,6500.0,116.5,366,353,450,395,22884,69.5,14500,22324,380,2000.0,3350.0,23250,4575.0,24946,398
2022-08-29 00:00:00,46000,363,25793,21069,24231,103,6500.0,116.5,370,356,430,420,22530,70.5,14500,22250,368,2000.0,3350.0,23250,4575.0,24924,401
2022-09-05 00:00:00,46000,359,24677,20920,23357,98,6250.0,108.5,368,351,440,440,22383,65.5,14500,21498,370,2025.0,3800.0,23350,5050.0,24665,396
2022-09-12 00:00:00,46000,339,24588,21739,22647,99,6250.0,108.5,342,328,440,415,21766,66.5,14500,21004,360,2025.0,3800.0,23350,5050.0,24300,373
2022-09-19 00:00:00,46000,316,24568,21481,22518,101,6250.0,110.5,322,305,445,390,21340,68.5,14500,20865,355,2025.0,3800.0,23350,5050.0,24178,350
2022-09-26 00:00:00,45500,316,24349,21353,22726,98,6250.0,110.5,322,292,460,385,21207,65.5,14500,20763,355,2025.0,3800.0,23350,5050.0,24155,351
2022-10-03 00:00:00,45500,333,24524,20719,22719,96,6250.0,108.5,338,309,490,395,21294,63.5,14500,20652,365,2025.0,3800.0,23350,5050.0,24239,368
2022-10-10 00:00:00,45000,334,24418,21040,22662,96,6500.0,108.5,340,311,500,405,21285,63.5,14500,20551,395,2600.0,3990.0,22000,5050.0,24246,370
2022-10-17 00:00:00,44000,332,24277,21198,22585,97,6500.0,109.5,336,312,500,405,21123,87.0,14500,20338,395,2600.0,3990.0,22000,5050.0,24176,371
2022-10-24 00:00:00,43000,325,24351,21680,22558,93,6500.0,103.5,328,306,500,405,21143,82.0,14500,20665,395,2600.0,3990.0,22000,5050.0,24203,365
2022-10-31 00:00:00,42000,318,23600,22246,22220,85,6500.0,94.5,323,300,490,405,20740,74.0,14500,20021,379,2600.0,3990.0,22000,5050.0,23860,359
2022-11-07 00:00:00,41500,313,22248,21998,21481,83,6650.0,92.0,320,265,490,394,20630,72.0,15000,18986,370,2600.0,3975.0,22500,5100.0,22976,354
2022-11-14 00:00:00,41000,307,21319,20982,20399,89,6650.0,96.0,313,257,460,378,18825,77.0,15000,18023,345,2600.0,3975.0,22500,5100.0,21898,346
2022-11-21 00:00:00,40000,301,21096,21124,19835,97,6650.0,104.0,306,259,450,368,18403,85.0,15000,17733,335,2600.0,3975.0,22500,5100.0,21532,338
2022-11-28 00:00:00,40000,312,20975,19842,19843,96,6650.0,104.0,313,271,450,350,18069,84.0,15000,17629,361,2600.0,3975.0,22500,5100.0,21227,347
2022-12-05 00:00:00,40500,336,20253,18801,19746,102,7000.0,110.0,340,297,450,350,17981,90.0,15000,17000,350,2600.0,3975.0,21000,5100.0,20770,370
2022-12-12 00:00:00,41700,352,20174,17332,19435,110,7000.0,116.0,354,311,425,366,17668,98.0,15000,16939,355,2600.0,3975.0,21000,5100.0,20444,384
2022-12-19 00:00:00,41700,356,19973,17727,19341,111,7000.0,116.0,358,312,445,405,17384,99.0,15000,16962,355,2600.0,3975.0,21000,5100.0,20072,387
2022-12-26 00:00:00,42500,355,19988,18031,19386,112,7000.0,115.0,356,311,455,400,17035,100.0,15000,16999,359,2600.0,3975.0,21000,5100.0,19730,386
2023-01-02 00:00:00,42700,368,20090,17705,19412,116,7000.0,119.0,367,320,455,402,17009,104.0,15000,17045,370,2600.0,3975.0,21000,5100.0,19743,395
2023-01-09 00:00:00,42700,383,20700,20344,19581,118,7500.0,120.0,387,338,460,402,16537,106.0,14400,17360,377,2600.0,4150.0,22500,5100.0,20566,413
2023-01-16 00:00:00,42700,388,21951,19028,20288,123,7500.0,127.5,395,347,470,425,18012,111.0,14400,18415,405,2600.0,4150.0,22500,5100.0,20764,417
2023-01-23 00:00:00,42800,377,23307,18750,21626,123,7500.0,131.5,385,336,471,440,19384,111.0,14400,19702,400,2600.0,4150.0,22500,5100.0,21449,406
2023-01-30 00:00:00,42800,384,24553,21524,23110,127,7500.0,136.0,393,343,485,435,20519,116.5,14400,21036,400,2600.0,4200.0,22500,5100.0,22424,413
2023-02-06 00:00:00,44500,395,25587,22311,23784,127,7500.0,136.0,404,359,485,435,21336,116.5,17500,21794,410,2950.0,4787.5,24000,5625.0,23780,424
2023-02-13 00:00:00,44500,399,25741,23774,24100,124,7500.0,136.5,409,363,500,446,22626,113.5,17500,22058,415,2950.0,4787.5,24000,5625.0,24807,428
2023-02-20 00:00:00,46000,390,25837,24060,24184,124,7500.0,137.5,400,354,505,443,23297,113.5,17500,22134,423,2950.0,4787.5,24000,5625.0,25635,419
2023-02-27 00:00:00,49200,411,25814,24275,24047,130,7500.0,143.0,422,375,510,443,23404,119.5,17500,22039,423,2950.0,4787.5,24000,5625.0,26010,440
2023-03-06 00:00:00,53700,422,25821,25347,24055,126,7500.0,139.0,430,387,520,448,24078,115.5,18750,22056,430,3125.0,5037.5,25500,6350.0,26555,452
2023-03-13 00:00:00,55500,426,26750,25313,25021,128,7500.0,141.0,434,393,530,453,24550,117.5,18750,23004,452,3125.0,5037.5,25500,6350.0,27052,458
